transaction_id,user_id,product_id,timestamp,amount
1,5351,B072NCN9M4,2024-01-01,8886.0
2,10658,B09LHXNZLR,2024-01-02,199.0
3,3920,B09LV13JFB,2024-01-03,399.0
4,4618,B08M66K48D,2024-01-04,299.0
5,12066,B0B2DJDCPX,2024-01-05,209.0
6,10121,B07TMCXRFV,2024-01-06,1234.0
7,10607,B09CMP1SC8,2024-01-07,199.0
8,8380,B002PD61Y4,2024-01-08,507.0
9,5118,B07WNK1FFN,2024-01-09,1260.0
10,10727,B07J9KXQCC,2024-01-10,949.0
11,12163,B08XLR6DSB,2024-01-11,721.0
12,2185,B00GGGOYEU,2024-01-12,299.0
13,11291,B014SZO90Y,2024-01-13,266.0
14,5689,B00P93X2H6,2024-01-14,67.0
15,5889,B018SJJ0GE,2024-01-15,1999.0
16,8716,B06XR9PR5X,2024-01-16,209.0
17,3695,B07G3YNLJB,2024-01-17,1815.0
18,7153,B09YLXYP7Y,2024-01-18,179.0
19,10549,B07232M876,2024-01-19,199.0
20,2555,B09ZTZ9N3Q,2024-01-20,1049.0
21,10870,B0B9XN9S3W,2024-01-21,7999.0
22,968,B09SFRNKSR,2024-01-22,298.0
23,654,B08CGW4GYR,2024-01-23,375.0
24,6158,B08WLY8V9S,2024-01-24,425.0
25,8841,B098TV3L96,2024-01-25,349.0
26,10511,B08FYB5HHK,2024-01-26,1199.0
27,7479,B08MTCKDYN,2024-01-27,119.0
28,10024,B07DJLFMPS,2024-01-28,369.0
29,5182,B072J83V9W,2024-01-29,8999.0
30,8392,B076B8G5D8,2024-01-30,798.0
31,10266,B01N6LU1VF,2024-01-31,579.0
32,6642,B01EZ0X3L8,2024-02-01,729.0
33,10039,B07232M876,2024-02-02,199.0
34,12236,B0B14MR9L1,2024-02-03,16999.0
35,2056,B09F3PDDRF,2024-02-04,349.0
36,8369,B0B15GSPQW,2024-02-05,47990.0
37,625,B0B9959XF3,2024-02-06,12499.0
38,305,B08FY4FG5X,2024-02-07,649.0
39,5557,B08H6CZSHT,2024-02-08,2903.0
40,840,B0BF54LXW6,2024-02-09,1799.0
41,2964,B099S26HWG,2024-02-10,300.0
42,11760,B09C635BMM,2024-02-11,349.0
43,8281,B07L9FW9GF,2024-02-12,149.0
44,6609,B00N3XLDW0,2024-02-13,299.0
45,9870,B09CGLY5CX,2024-02-14,1959.0
46,7235,B00A0VCJPI,2024-02-15,1469.0
47,5640,B01EY310UM,2024-02-16,1321.0
48,7568,B0BQ3K23Y1,2024-02-17,279.0
49,6821,B09VH568H7,2024-02-18,119.0
50,3956,B09Y14JLP3,2024-02-19,99.0
51,6434,B0B997FBZT,2024-02-20,35999.0
52,5441,B07GNC2592,2024-02-21,599.0
53,1079,B09T2WRLJJ,2024-02-22,20999.0
54,11259,B0BFWGBX61,2024-02-23,199.0
55,5965,B0BHNHMR3H,2024-02-24,499.0
56,12018,B009VCGPSY,2024-02-25,269.0
57,9432,B07WHS7MZ1,2024-02-26,29990.0
58,12336,B07WHSJXLF,2024-02-27,20999.0
59,291,B09MT6XSFW,2024-02-28,599.0
60,3834,B07YSJ7FF1,2024-02-29,645.0
61,7298,B0859M539M,2024-03-01,1699.0
62,1143,B0BGPN4GGH,2024-03-02,1099.0
63,4808,B0711PVX6Z,2024-03-03,179.0
64,2589,B00N1U9AJS,2024-03-04,130.0
65,3885,B08QDPB1SL,2024-03-05,190.0
66,358,B09YLX91QR,2024-03-06,179.0
67,2955,B07QZ3CZ48,2024-03-07,399.0
68,5503,B09SGGRKV8,2024-03-08,199.0
69,7029,B07NRTCDS5,2024-03-09,1199.0
70,10687,B077Z65HSD,2024-03-10,299.0
71,5480,B08YD264ZS,2024-03-11,999.0
72,11129,B09NVPJ3P4,2024-03-12,1999.0
73,6456,B0187F2IOK,2024-03-13,1499.0
74,2392,B014I8SX4Y,2024-03-14,309.0
75,9397,B0B4F4QZ1H,2024-03-15,13999.0
76,1702,B09KH58JZR,2024-03-16,210.0
77,4386,B08Y1SJVV5,2024-03-17,99.0
78,5702,B0B54Y2SNX,2024-03-18,799.0
79,4740,B09FKDH6FS,2024-03-19,7499.0
80,8991,B08G43CCLC,2024-03-20,218.0
81,5474,B09Y358DZQ,2024-03-21,2033.0
82,5169,B0B2DD8BQ8,2024-03-22,2079.0
83,10142,B07QCWY5XV,2024-03-23,599.0
84,7262,B0BHVPTM2C,2024-03-24,398.0
85,6437,B09Z28BQZT,2024-03-25,599.0
86,1845,B08JD36C6H,2024-03-26,349.0
87,922,B00KXULGJQ,2024-03-27,1889.0
88,7676,B09NJN8L25,2024-03-28,59.0
89,6072,B08CDKQ8T6,2024-03-29,154.0
90,4895,B09NHVCHS9,2024-03-30,59.0
91,2583,B081RLM75M,2024-03-31,369.0
92,12094,B09MJ77786,2024-04-01,31999.0
93,6086,B07Y5FDPKV,2024-04-02,1745.0
94,3922,B07NKNBTT3,2024-04-03,799.0
95,10028,B09QS9CWLV,2024-04-04,12999.0
96,7466,B07SY4C3TD,2024-04-05,596.0
97,2535,B07SRM58TP,2024-04-06,1665.0
98,6852,B09P858DK8,2024-04-07,489.0
99,9933,B07G147SZD,2024-04-08,2699.0
100,4218,B08MTCKDYN,2024-04-09,119.0
101,3356,B09BCNQ9R2,2024-04-10,139.0
102,1670,B099K9ZX65,2024-04-11,20990.0
103,7745,B0756CLQWL,2024-04-12,1699.0
104,12360,B08MCD9JFY,2024-04-13,799.0
105,10754,B089WB69Y1,2024-04-14,249.0
106,5693,B07Q7561HD,2024-04-15,149.0
107,8789,B0B2DJDCPX,2024-04-16,209.0
108,12470,B0B56YRBNT,2024-04-17,8999.0
109,8919,B0836JGZ74,2024-04-18,1049.0
110,9559,B0883LQJ6B,2024-04-19,1199.0
111,1356,B07DWFX9YS,2024-04-20,789.0
112,9055,B09XRBJ94N,2024-04-21,2092.0
113,5211,B085W8CFLH,2024-04-22,599.0
114,4827,B08H21B6V7,2024-04-23,2599.0
115,182,B0B86CDHL1,2024-04-24,349.0
116,6476,B083342NKJ,2024-04-25,349.0
117,11644,B096TWZRJC,2024-04-26,499.0
118,4342,B0BQRJ3C47,2024-04-27,249.0
119,7775,B09GFLXVH9,2024-04-28,6499.0
120,11207,B097JQ1J5G,2024-04-29,179.0
121,11086,B017NC2IPM,2024-04-30,1799.0
122,9983,B013B2WGT6,2024-05-01,1099.0
123,2885,B08MXJYB2V,2024-05-02,2449.0
124,4394,B09ND94ZRG,2024-05-03,1099.0
125,10280,B009P2LK80,2024-05-04,1409.0
126,10364,B096YCN3SD,2024-05-05,549.0
127,12286,B00O2R38C4,2024-05-06,999.0
128,2253,B097RN7BBK,2024-05-07,479.0
129,8066,B09X76VL5L,2024-05-08,1599.0
130,6379,B097R2V1W8,2024-05-09,2599.0
131,12721,B09WMTJPG7,2024-05-10,2599.0
132,6348,B09MMD1FDN,2024-05-11,349.0
133,5533,B0B7FJNSZR,2024-05-12,5395.0
134,6422,B09HS1NDRQ,2024-05-13,390.0
135,5305,B01GGKYKQM,2024-05-14,219.0
136,1984,B07S7DCJKS,2024-05-15,199.0
137,11850,B083342NKJ,2024-05-16,349.0
138,3711,B09SPTNG58,2024-05-17,1449.0
139,2228,B0B3TBY2YX,2024-05-18,1260.0
140,2975,B01FSYQ2A4,2024-05-19,1399.0
141,1571,B085194JFL,2024-05-20,279.0
142,725,B09RWQ7YR6,2024-05-21,46999.0
143,1007,B07KRCW6LZ,2024-05-22,999.0
144,3475,B09FFK1PQG,2024-05-23,873.0
145,12314,B071Z8M4KX,2024-05-24,365.0
146,7068,B006LW0WDQ,2024-05-25,399.0
147,6576,B09MQ9PDHR,2024-05-26,979.0
148,750,B082T6GVLJ,2024-05-27,849.0
149,4975,B0981XSZJ7,2024-05-28,299.0
150,6144,B08TDJNM3G,2024-05-29,59.0
151,648,B07VQGVL68,2024-05-30,293.0
152,312,B09N3ZNHTY,2024-05-31,1499.0
153,8116,B09939XJX8,2024-06-01,354.0
154,4986,B07JH1CBGW,2024-06-02,649.0
155,796,B09XX51X2G,2024-06-03,449.0
156,1624,B0856HNMR7,2024-06-04,1199.0
157,174,B09MM6P76N,2024-06-05,349.0
158,8811,B09Y5MP7C4,2024-06-06,1299.0
159,9503,B0BMGB2TPR,2024-06-07,9499.0
160,9223,B0912WJ87V,2024-06-08,2339.0
161,11522,B083RC4WFJ,2024-06-09,320.0
162,12742,B09MTLG4TP,2024-06-10,453.0
163,6845,B08G1RW2Q3,2024-06-11,299.0
164,6979,B0B3CPQ5PF,2024-06-12,28999.0
165,5083,B07CWNJLPC,2024-06-13,499.0
166,9034,B08QSC1XY8,2024-06-14,389.0
167,6806,B08CFJBZRK,2024-06-15,3249.0
168,10755,B09CTRPSJR,2024-06-16,217.0
169,6128,B0BBFJLP21,2024-06-17,13999.0
170,6625,B08D9MNH4B,2024-06-18,5899.0
171,1744,B08FN6WGDQ,2024-06-19,4790.0
172,4582,B0BHYJ8CVF,2024-06-20,1149.0
173,8055,B07F1P8KNV,2024-06-21,325.0
174,5903,B0B3DV7S9B,2024-06-22,209.0
175,11819,B09NL4DJ2Z,2024-06-23,139.0
176,9186,B07H3WDC4X,2024-06-24,349.0
177,4901,B0B3RHX6B6,2024-06-25,149.0
178,11528,B09XB8GFBQ,2024-06-26,8999.0
179,9835,B09RWZRCP1,2024-06-27,399.0
180,5363,B087FXHB6J,2024-06-28,699.0
181,2288,B07L5L4GTB,2024-06-29,309.0
182,587,B0B7NWGXS6,2024-06-30,2439.0
183,9947,B09HSKYMB3,2024-07-01,7915.0
184,8250,B07QHHCB27,2024-07-02,1499.0
185,3653,B098LCVYPW,2024-07-03,349.0
186,12081,B07Z51CGGH,2024-07-04,5499.0
187,8242,B07CWDX49D,2024-07-05,649.0
188,11359,B07S9M8YTY,2024-07-06,717.0
189,7415,B09T3H12GV,2024-07-07,1399.0
190,12057,B09Z6WH2N1,2024-07-08,95.0
191,1966,B01GGKZ0V6,2024-07-09,329.0
192,3990,B07VV37FT4,2024-07-10,250.0
193,12230,B07XLCFSSN,2024-07-11,899.0
194,6195,B009P2LITG,2024-07-12,2169.0
195,5654,B09MFR93KS,2024-07-13,3041.67
196,6659,B09TP5KBN7,2024-07-14,199.0
197,9703,B00KIDSU8S,2024-07-15,1999.0
198,6303,B097C564GC,2024-07-16,294.0
199,5810,B084MZXJN6,2024-07-17,999.0
200,11971,B083GKDRKR,2024-07-18,1625.0
201,10515,B08WD18LJZ,2024-07-19,249.0
202,4601,B08CF3D7QR,2024-07-20,154.0
203,1218,B0B5KZ3C53,2024-07-21,1599.0
204,10115,B0BMXMLSMM,2024-07-22,199.0
205,9726,B00NH11PEY,2024-07-23,199.0
206,11676,B0088TKTY2,2024-07-24,649.0
207,10078,B0073QGKAS,2024-07-25,1499.0
208,12616,B00LM4W1N2,2024-07-26,480.0
209,7507,B07WDKLDRX,2024-07-27,28999.0
210,4032,B08QHLXWV3,2024-07-28,6850.0
211,3708,B07RX42D3D,2024-07-29,260.0
212,12700,B07K2HVKLL,2024-07-30,640.0
213,7279,B095X38CJS,2024-07-31,99.0
214,11184,B082T6V3DT,2024-08-01,799.0
215,8417,B09QS8V5N8,2024-08-02,12999.0
216,3636,B09GFWJDY1,2024-08-03,499.0
217,3996,B0B9F9PT8R,2024-08-04,1529.0
218,2184,B08H5L8V1L,2024-08-05,379.0
219,6546,B09RF2QXGX,2024-08-06,69.0
220,1881,B08CHKQ8D4,2024-08-07,719.0
221,9416,B09NHVCHS9,2024-08-08,59.0
222,12566,B075TJHWVC,2024-08-09,917.0
223,6046,B07B88KQZ8,2024-08-10,1999.0
224,8674,B01DEWVZ2C,2024-08-11,599.0
225,7650,B01MQ2A86A,2024-08-12,1295.0
226,12648,B09TWHTBKQ,2024-08-13,18499.0
227,8141,B08497Z1MQ,2024-08-14,599.0
228,764,B09XJ5LD6L,2024-08-15,23999.0
229,9657,B09XHXXCFH,2024-08-16,3685.0
230,4711,B07PR1CL3S,2024-08-17,1220.0
231,9103,B098R25TGC,2024-08-18,1299.0
232,8072,B09MDCZJXS,2024-08-19,1199.0
233,4084,B0BBN3WF7V,2024-08-20,6499.0
234,5675,B09M869Z5V,2024-08-21,570.0
235,2381,B00DJ5N9VK,2024-08-22,150.0
236,1596,B0BPBG712X,2024-08-23,799.0
237,1603,B07VTFN6HM,2024-08-24,5599.0
238,1484,B09FHHTL8L,2024-08-25,85.0
239,2956,B07WG8PDCW,2024-08-26,349.0
240,4247,B097ZQTDVZ,2024-08-27,399.0
241,11887,B08MVSGXMY,2024-08-28,1498.0
242,4843,B08CYPB15D,2024-08-29,717.0
243,397,B00EYW1U68,2024-08-30,1599.0
244,7338,B0B3N7LR6K,2024-08-31,3999.0
245,1176,B01GGKZ4NU,2024-09-01,549.0
246,12377,B07989VV5K,2024-09-02,999.0
247,1428,B08FTFXNNB,2024-09-03,499.0
248,5341,B095244Q22,2024-09-04,252.0
249,2233,B096VF5YYF,2024-09-05,2999.0
250,9986,B00YMJ0OI8,2024-09-06,2148.0
251,10437,B08RZ5K9YH,2024-09-07,999.0
252,10973,B0B5F3YZY4,2024-09-08,449.0
253,11181,B0B4DT8MKT,2024-09-09,348.0
254,745,B0B4F5L738,2024-09-10,13999.0
255,11525,B084PJSSQ1,2024-09-11,1299.0
256,3669,B07PFJ5W31,2024-09-12,139.0
257,3038,B00KIE28X0,2024-09-13,310.0
258,5174,B08VJFYH6N,2024-09-14,948.0
259,10357,B08KS2KQTK,2024-09-15,293.0
260,6947,B0B8CXTTG3,2024-09-16,16999.0
261,8205,B07Z1Z77ZZ,2024-09-17,449.0
262,7629,B09GFPN6TP,2024-09-18,7499.0
263,3753,B01486F4G6,2024-09-19,2863.0
264,1796,B06Y36JKC3,2024-09-20,149.0
265,4257,B00LVMTA2A,2024-09-21,225.0
266,10690,B07V5YF4ND,2024-09-22,299.0
267,8737,B08DDRGWTJ,2024-09-23,229.0
268,7306,B08P9RYPLR,2024-09-24,129.0
269,5704,B078JBK4GX,2024-09-25,2599.0
270,3586,B09NKZXMWJ,2024-09-26,139.0
271,6801,B07F1T31ZZ,2024-09-27,249.0
272,11741,B00E9G8KOY,2024-09-28,600.0
273,8635,B0974G5Q2Y,2024-09-29,273.1
274,1499,B0814LP6S9,2024-09-30,351.0
275,11346,B08VRMK55F,2024-10-01,399.0
276,2035,B0B5GJRTHB,2024-10-02,889.0
277,4976,B0811VCGL5,2024-10-03,9970.0
278,1808,B095XCRDQW,2024-10-04,950.0
279,4289,B00TDD0YM4,2024-10-05,1490.0
280,5285,B071VNHMX2,2024-10-06,2095.0
281,7150,B0BDYVC5TD,2024-10-07,959.0
282,6612,B078HG2ZPS,2024-10-08,3657.66
283,11710,B01M5B0TPW,2024-10-09,1819.0
284,3845,B01L6MT7E0,2024-10-10,8799.0
285,6031,B07K19NYZ8,2024-10-11,2320.0
286,11203,B08D6RCM3Q,2024-10-12,355.0
287,1471,B09DG9VNWB,2024-10-13,12000.0
288,380,B08W56G1K9,2024-10-14,99.0
289,9741,B0B9JZW1SQ,2024-10-15,498.0
290,7350,B0B4F1YC3J,2024-10-16,13999.0
291,4157,B08K4RDQ71,2024-10-17,349.0
292,10773,B08VGDBF3B,2024-10-18,395.0
293,6761,B01LY9W8AF,2024-10-19,998.06
294,11098,B085LPT5F4,2024-10-20,1649.0
295,7664,B003L62T7W,2024-10-21,279.0
296,1721,B07VVXJ2P5,2024-10-22,96.0
297,4098,B07DGD4Z4C,2024-10-23,3499.0
298,8043,B07FL3WRX5,2024-10-24,3299.0
299,2460,B09KNMLH4Y,2024-10-25,398.0
300,5024,B08WRKSF9D,2024-10-26,6499.0
301,1580,B09PLD9TCD,2024-10-27,26999.0
302,11526,B0B1YZX72F,2024-10-28,27999.0
303,1689,B09W9V2PXG,2024-10-29,759.0
304,539,B0BC9BW512,2024-10-30,18999.0
305,248,B08WWKM5HQ,2024-10-31,2599.0
306,6178,B0BBLHTRM9,2024-11-01,199.0
307,519,B08VS3YLRK,2024-11-02,529.0
308,6248,B00F159RIK,2024-11-03,499.0
309,219,B0BD92GDQH,2024-11-04,4999.0
310,8345,B06XSK3XL6,2024-11-05,571.0
311,12297,B09127FZCK,2024-11-06,299.0
312,9961,B09RX1FK54,2024-11-07,399.0
313,1587,B09RFB2SJQ,2024-11-08,499.0
314,5527,B09BF8JBWX,2024-11-09,1055.0
315,51,B0BP7XLX48,2024-11-10,399.0
316,8298,B0856HY85J,2024-11-11,1799.0
317,7525,B08ZXZ362Z,2024-11-12,1563.0
318,3388,B09DL9978Y,2024-11-13,2399.0
319,7750,B01JOFKL0A,2024-11-14,5299.0
320,7394,B0994GFWBH,2024-11-15,139.0
321,3992,B0B4T8RSJ1,2024-11-16,99.0
322,12598,B00J5DYCCA,2024-11-17,1399.0
323,7050,B09XB7SRQ5,2024-11-18,8999.0
324,8938,B083M7WPZD,2024-11-19,3199.0
325,3910,B09CMM3VGK,2024-11-20,179.0
326,7172,B0B4DT8MKT,2024-11-21,348.0
327,12426,B0BLV1GNLN,2024-11-22,6490.0
328,10110,B08FGNPQ9X,2024-11-23,1199.0
329,3423,B00NH11KIK,2024-11-24,209.0
330,488,B08HD7JQHX,2024-11-25,199.0
331,3207,B00KRCBA6E,2024-11-26,2499.0
332,7174,B078JF6X9B,2024-11-27,3645.0
333,7718,B0814P4L98,2024-11-28,351.0
334,3575,B0B466C3G4,2024-11-29,8990.0
335,1767,B0B5LVS732,2024-11-30,1898.0
336,5412,B07WHQBZLS,2024-12-01,17999.0
337,4672,B082LZGK39,2024-12-02,199.0
338,9230,B08VFF6JQ8,2024-12-03,1219.0
339,10102,B0974H97TJ,2024-12-04,299.0
340,6278,B00B7GKXMG,2024-12-05,699.0
341,1283,B09L8DSSFH,2024-12-06,399.0
342,11714,B09XJ1LM7R,2024-12-07,399.0
343,6499,B07WGMMQGP,2024-12-08,16499.0
344,7299,B00H0B29DI,2024-12-09,2199.0
345,994,B09YV4MW2T,2024-12-10,2199.0
346,11351,B01GFTEV5Y,2024-12-11,1699.0
347,10429,B07V82W5CN,2024-12-12,1349.0
348,5345,B083J64CBB,2024-12-13,199.0
349,3252,B09NFSHCWN,2024-12-14,1149.0
350,7911,B07H5PBN54,2024-12-15,999.0
351,12352,B08XMSKKMM,2024-12-16,799.0
352,10108,B0B4F2XCK3,2024-12-17,12999.0
353,5968,B0BN6M3TCM,2024-12-18,499.0
354,11321,B00O24PUO6,2024-12-19,1464.0
355,8376,B01M5F614J,2024-12-20,6549.0
356,1644,B00LHZW3XY,2024-12-21,125.0
357,12392,B06XMZV7RH,2024-12-22,308.0
358,10636,B07GLSKXS1,2024-12-23,1199.0
359,3132,B09V12K8NT,2024-12-24,1499.0
360,1698,B0BNLFQDG2,2024-12-25,929.0
361,1167,B0B9RN5X8B,2024-12-26,2699.0
362,1965,B09MT94QLL,2024-12-27,1999.0
363,7451,B07DKZCZ89,2024-12-28,119.0
364,9308,B07WMS7TWB,2024-12-29,649.0
365,9916,B09L835C3V,2024-12-30,199.0
366,3657,B07VNFP3C2,2024-12-31,749.0
367,10605,B08QJJCY2Q,2025-01-01,169.0
368,12121,B0BPBXNQQT,2025-01-02,799.0
369,100,B00K32PEW4,2025-01-03,535.0
370,5951,B00LY1FN1K,2025-01-04,200.0
371,10889,B0BP89YBC1,2025-01-05,1499.0
372,8597,B0B2DJ5RVQ,2025-01-06,689.0
373,3119,B0BBFJ9M3X,2025-01-07,13999.0
374,12023,B084BR3QX8,2025-01-08,149.0
375,2255,B09GFPVD9Y,2025-01-09,8499.0
376,4192,B0BFWGBX61,2025-01-10,199.0
377,4666,B09BNXQ6BR,2025-01-11,2799.0
378,5944,B09YLXYP7Y,2025-01-12,179.0
379,8659,B097JVLW3L,2025-01-13,2699.0
380,150,B078JT7LTD,2025-01-14,6120.0
381,2577,B08Y5KXR6Z,2025-01-15,99.0
382,4456,B0993BB11X,2025-01-16,999.0
383,1324,B09BW334ML,2025-01-17,349.0
384,10499,B095K14P86,2025-01-18,599.0
385,8440,B00GHL8VP2,2025-01-19,3487.77
386,12424,B0B61HYR92,2025-01-20,199.0
387,11188,B08D11DZ2W,2025-01-21,1499.0
388,12727,B09HK9JH4F,2025-01-22,199.0
389,201,B08MZNT7GP,2025-01-23,12499.0
390,4343,B08Y5QJTVK,2025-01-24,116.0
391,3419,B08DDRGWTJ,2025-01-25,229.0
392,4227,B098NS6PVG,2025-01-26,199.0
393,252,B0B7B9V9QP,2025-01-27,18999.0
394,9683,B086199CWG,2025-01-28,3349.0
395,178,B09NBZ36F7,2025-01-29,2089.0
396,11816,B01D5H8ZI8,2025-01-30,229.0
397,12249,B08YRMBK9R,2025-01-31,3249.0
398,9257,B0B2C5MJN6,2025-02-01,32990.0
399,10461,B09GP6FBZT,2025-02-02,299.0
400,3689,B0832W3B7Q,2025-02-03,1799.0
401,2338,B0BN2576GQ,2025-02-04,469.0
402,451,B08MC57J31,2025-02-05,1499.0
403,10998,B07M69276N,2025-02-06,1399.0
404,354,B00NH11PEY,2025-02-07,199.0
405,10372,B0798PJPCL,2025-02-08,1889.0
406,2772,B00LM4X0KU,2025-02-09,100.0
407,9893,B08CKW1KH9,2025-02-10,204.0
408,10724,B0BFBNXS94,2025-02-11,669.0
409,3462,B08PSQRW2T,2025-02-12,399.0
410,1979,B0BK1K598K,2025-02-13,678.0
411,3117,B09TBCVJS3,2025-02-14,5998.0
412,4191,B086WMSCN3,2025-02-15,1199.0
413,4348,B0BDG6QDYD,2025-02-16,899.0
414,11744,B08J82K4GX,2025-02-17,10099.0
415,11202,B07GVGTSLN,2025-02-18,325.0
416,6956,B07P681N66,2025-02-19,1199.0
417,430,B08XMG618K,2025-02-20,225.0
418,12608,B07P434WJY,2025-02-21,549.0
419,8577,B07T9FV9YP,2025-02-22,749.0
420,3071,B096VF5YYF,2025-02-23,2999.0
421,5612,B01DF26V7A,2025-02-24,599.0
422,1600,B0BNV7JM5Y,2025-02-25,2999.0
423,4608,B08CF3D7QR,2025-02-26,154.0
424,8582,B09CMQRQM6,2025-02-27,499.0
425,2271,B00NW4UWN6,2025-02-28,1043.0
426,469,B0B94JPY2N,2025-03-01,199.0
427,3121,B09HN7LD5L,2025-03-02,1850.0
428,3414,B005FYNT3G,2025-03-03,289.0
429,7697,B07RY2X9MP,2025-03-04,609.0
430,2151,B09CMM3VGK,2025-03-05,179.0
431,2272,B01GZSQJPA,2025-03-06,3699.0
432,8705,B09NS5TKPN,2025-03-07,42990.0
433,3022,B09LHZSMRR,2025-03-08,16999.0
434,8969,B07CD2BN46,2025-03-09,429.0
435,294,B01D5H8LDM,2025-03-10,489.0
436,3945,B00SMFPJG0,2025-03-11,649.0
437,9053,B086JTMRYL,2025-03-12,1519.0
438,6084,B08FD2VSD9,2025-03-13,24990.0
439,10013,B0819HZPXL,2025-03-14,399.0
440,12555,B08J7VCT12,2025-03-15,6999.0
441,11176,B08YK7BBD2,2025-03-16,429.0
442,7269,B0B3XY5YT4,2025-03-17,30990.0
443,5776,B0B5LVS732,2025-03-18,1999.0
444,6413,B00NM6MO26,2025-03-19,2698.0
445,7255,B08R69VDHT,2025-03-20,115.0
446,7622,B07WDK3ZS6,2025-03-21,15499.0
447,4082,B07N42JB4S,2025-03-22,799.0
448,6087,B08HDJ86NZ,2025-03-23,329.0
449,8523,B07XCM6T4N,2025-03-24,349.0
450,6065,B092X94QNQ,2025-03-25,1499.0
451,7406,B07VSG5SXZ,2025-03-26,637.0
452,5220,B01892MIPA,2025-03-27,7349.0
453,10136,B08C7TYHPB,2025-03-28,664.0
454,2320,B08BCKN299,2025-03-29,120.0
455,10250,B08TM71L54,2025-03-30,3190.0
456,773,B0BG62HMDJ,2025-03-31,499.0
457,3746,B078XFKBZL,2025-04-01,600.0
458,11347,B01J0XWYKQ,2025-04-02,599.0
459,2634,B09C6HXFC1,2025-04-03,970.0
460,11938,B0B298D54H,2025-04-04,265.0
461,8901,B075DB1F13,2025-04-05,1500.0
462,11543,B0BM4KTNL1,2025-04-06,699.0
463,10882,B07YC8JHMB,2025-04-07,8199.0
464,2499,B00ZYLMQH0,2025-04-08,549.0
465,5322,B07N8RQ6W7,2025-04-09,134.0
466,8166,B092JHPL72,2025-04-10,251.0
467,4029,B093ZNQZ2Y,2025-04-11,249.0
468,6935,B0B5YBGCKD,2025-04-12,150.0
469,12663,B08G8H8DPL,2025-04-13,3249.0
470,6444,B0977CGNJJ,2025-04-14,5999.0
471,7875,B07W14CHV8,2025-04-15,199.0
472,7069,B09WRMNJ9G,2025-04-16,34999.0
473,8280,B09H34V36W,2025-04-17,1349.0
474,4786,B0B9BD2YL4,2025-04-18,2599.0
475,6150,B084N133Y7,2025-04-19,1499.0
476,1769,B07YFWVRCM,2025-04-20,2299.0
477,9622,B07KY3FNQP,2025-04-21,449.0
478,8818,B095RTJH1M,2025-04-22,999.0
479,11553,B0989W6J2F,2025-04-23,1595.0
480,2003,B071113J7M,2025-04-24,5890.0
481,4120,B09Q8HMKZX,2025-04-25,263.0
482,136,B09PNKXSKF,2025-04-26,1999.0
483,7449,B07FXLC2G2,2025-04-27,698.0
484,11482,B00P93X0VO,2025-04-28,114.0
485,9718,B0BCKJJN8R,2025-04-29,3599.0
486,4869,B01N4EV2TL,2025-04-30,1495.0
487,48,B07JW9H4J1,2025-05-01,399.0
488,1198,B08GYG6T12,2025-05-02,449.0
489,2145,B09CKSYBLR,2025-05-03,999.0
490,84,B0B53QLB9H,2025-05-04,1299.0
491,10167,B09NNJ9WYM,2025-05-05,10990.0
492,7274,B0971DWFDT,2025-05-06,337.0
493,6731,B09R83SFYV,2025-05-07,1484.0
494,3985,B08HF4W2CT,2025-05-08,1599.0
495,386,B09NVPSCQT,2025-05-09,1599.0
496,10334,B07N2MGB3G,2025-05-10,1699.0
497,10207,B07J2BQZD6,2025-05-11,199.0
498,12720,B08CZHGHKH,2025-05-12,499.0
499,7984,B00HVXS7WC,2025-05-13,1999.0
500,2866,B07KRCW6LZ,2025-05-14,999.0
501,8442,B07GPXXNNG,2025-05-15,349.0
502,6426,B07YNTJ8ZM,2025-05-16,549.0
503,7915,B08Y55LPBF,2025-05-17,32999.0
504,361,B0B3MQXNFB,2025-05-18,57.89
505,2393,B08XXVXP3J,2025-05-19,249.0
506,9,B08SJVD8QD,2025-05-20,379.0
507,4605,B0BNQMF152,2025-05-21,499.0
508,10414,B01LONQBDG,2025-05-22,349.0
509,4499,B09DSXK8JX,2025-05-23,10499.0
510,10568,B08H673XKN,2025-05-24,3249.0
511,8945,B08GSQXLJ2,2025-05-25,6199.0
512,1666,B0BMXMLSMM,2025-05-26,199.0
513,11137,B08CTQP51L,2025-05-27,379.0
514,6070,B08BQ947H3,2025-05-28,149.0
515,2615,B08JQN8DGZ,2025-05-29,1299.0
516,8643,B0B31BYXQQ,2025-05-30,1399.0
517,5438,B0B7L86YCB,2025-05-31,161.0
518,1748,B09X5HD5T1,2025-06-01,229.0
519,3195,B01C8P29T4,2025-06-02,599.0
520,9385,B09TY4MSH3,2025-06-03,1289.0
521,5461,B07P1BR7L8,2025-06-04,8599.0
522,3101,B0B9BXKBC7,2025-06-05,1799.0
523,7363,B0BMGB3CH9,2025-06-06,9499.0
524,4914,B06XDKWLJH,2025-06-07,4449.0
525,11628,B0762HXMTF,2025-06-08,1799.0
526,9783,B083RCTXLL,2025-06-09,681.0
527,11891,B09VGKFM7Y,2025-06-10,219.0
528,5897,B0B5CGTBKV,2025-06-11,1999.0
529,9568,B0B9BXKBC7,2025-06-12,1799.0
530,3542,B00OFM6PEO,2025-06-13,299.0
531,5377,B08LHTJTBB,2025-06-14,599.0
532,4747,B09P1MFKG1,2025-06-15,998.0
533,2560,B07L8KNP5F,2025-06-16,599.0
534,3034,B01MUAUOCX,2025-06-17,688.0
535,114,B08V9C4B1J,2025-06-18,349.0
536,8115,B09P8M18QM,2025-06-19,1369.0
537,12732,B0B2CZTCL2,2025-06-20,1299.0
538,5515,B094JB13XL,2025-06-21,2499.0
539,2914,B07KSMBL2H,2025-06-22,219.0
540,11841,B0B1YZ9CB8,2025-06-23,32999.0
541,6496,B01D5H90L4,2025-06-24,299.0
542,10765,B08CFCK6CW,2025-06-25,1199.0
543,9864,B01J1CFO5I,2025-06-26,299.0
544,3781,B09LQH3SD9,2025-06-27,999.0
545,10328,B071VMP1Z4,2025-06-28,399.0
546,7533,B075JJ5NQC,2025-06-29,3199.0
547,3474,B07F6GXNPB,2025-06-30,253.0
548,7643,B0BBMPH39N,2025-07-01,289.0
549,4585,B071SDRGWL,2025-07-02,349.0
550,10829,B07GWTWFS2,2025-07-03,1699.0
551,6568,B01MY839VW,2025-07-04,549.0
552,8984,B07YZG8PPY,2025-07-05,1249.0
553,12703,B09F9YQQ7B,2025-07-06,13999.0
554,12723,B0B4F2TTTS,2025-07-07,10999.0
555,7946,B095JPKPH3,2025-07-08,61999.0
556,1329,B0BNDD9TN6,2025-07-09,13990.0
557,5599,B08K9PX15C,2025-07-10,849.0
558,8662,B01DJJVFPC,2025-07-11,269.0
559,3316,B0B935YNR7,2025-07-12,1349.0
560,12010,B09MB3DKG1,2025-07-13,2199.0
561,12535,B07DJ5KYDZ,2025-07-14,1249.0
562,3059,B09NNZ1GF7,2025-07-15,445.0
563,12444,B077Z65HSD,2025-07-16,299.0
564,8177,B09NHVCHS9,2025-07-17,59.0
565,12340,B08HDJ86NZ,2025-07-18,329.0
566,4437,B07KR5P3YD,2025-07-19,448.0
567,7774,B09C6HXFC1,2025-07-20,970.0
568,3486,B084872DQY,2025-07-21,14999.0
569,1122,B08Y1TFSP6,2025-07-22,149.0
570,10877,B07XJWTYM2,2025-07-23,1679.0
571,8038,B00S2SEV7K,2025-07-24,90.0
572,103,B01NCVJMKX,2025-07-25,499.0
573,4366,B09C6HWG18,2025-07-26,970.0
574,12045,B09SJ1FTYV,2025-07-27,199.0
575,4503,B0758F7KK7,2025-07-28,399.0
576,4879,B0B4HKH19N,2025-07-29,249.0
577,1238,B07H1S7XW8,2025-07-30,89.0
578,3066,B08MV82R99,2025-07-31,653.0
579,8361,B09FPP3R1D,2025-08-01,1624.0
580,435,B08TTRVWKY,2025-08-02,1099.0
581,11428,B09474JWN6,2025-08-03,999.0
582,4930,B07LFQLKFZ,2025-08-04,420.0
583,8792,B07Z1X6VFC,2025-08-05,449.0
584,3699,B09VPH38JS,2025-08-06,697.0
585,12056,B09ZQK9X8G,2025-08-07,2998.0
586,7373,B08NW8GHCJ,2025-08-08,389.0
587,9160,B07WGPKTS4,2025-08-09,13999.0
588,1955,B08BG4M4N7,2025-08-10,199.0
589,3036,B076VQS87V,2025-08-11,457.0
590,104,B009P2L7CO,2025-08-12,1099.0
591,10826,B09XBJ1CTN,2025-08-13,649.0
592,9976,B0B2X35B1K,2025-08-14,3999.0
593,9317,B09GYBZPHF,2025-08-15,1149.0
594,7788,B01HGCLUH6,2025-08-16,1149.0
595,8465,B07T4D9FNY,2025-08-17,664.0
596,3527,B07T5DKR5D,2025-08-18,149.0
597,2268,B0718ZN31Q,2025-08-19,598.0
598,1403,B086GVRP63,2025-08-20,1189.0
599,1108,B00V9NHDI4,2025-08-21,2799.0
600,3300,B097R4D42G,2025-08-22,4999.0
601,9391,B09YV575RK,2025-08-23,2499.0
602,12522,B09Q8HMKZX,2025-08-24,263.0
603,10230,B08Y7MXFMK,2025-08-25,1099.0
604,2329,B0BNXFDTZ2,2025-08-26,2999.0
605,3039,B08WKFSN84,2025-08-27,379.0
606,10652,B08RHPDNVV,2025-08-28,235.0
607,6474,B07R99NBVB,2025-08-29,249.0
608,7925,B015GX9Y0W,2025-08-30,1199.0
609,34,B01FSYQ2A4,2025-08-31,1399.0
610,11585,B0BR4F878Q,2025-09-01,1439.0
611,5596,B079Y6JZC8,2025-09-02,139.0
612,3693,B09VCHLSJF,2025-09-03,29999.0
613,11822,B01N6IJG0F,2025-09-04,559.0
614,8100,B09XXZXQC1,2025-09-05,26999.0
615,3080,B0085IATT6,2025-09-06,899.0
616,4404,B0B53DS4TF,2025-09-07,4995.0
617,3892,B0B84QN4CN,2025-09-08,660.0
618,2996,B00URH5E34,2025-09-09,39.0
619,4293,B07LG96SDB,2025-09-10,335.0
620,8222,B0B2CWRDB1,2025-09-11,5999.0
621,2474,B08PZ6HZLT,2025-09-12,8999.0
622,9104,B098K3H92Z,2025-09-13,599.0
623,12338,B08L5HMJVW,2025-09-14,369.0
624,11509,B098NS6PVG,2025-09-15,199.0
625,742,B096MSW6CT,2025-09-16,199.0
626,10795,B08WRWPM22,2025-09-17,176.63
627,2175,B09HCH3JZG,2025-09-18,699.0
628,1359,B09MQSCJQ1,2025-09-19,2299.0
629,2902,B07GLS2563,2025-09-20,1199.0
630,2040,B09H7JDJCW,2025-09-21,2999.0
631,11467,B0B467CCB9,2025-09-22,6999.0
632,11433,B0765B3TH7,2025-09-23,199.0
633,5801,B094JNXNPV,2025-09-24,299.0
634,7621,B088ZTJT2R,2025-09-25,719.0
635,4478,B08HQL67D6,2025-09-26,599.0
636,10477,B075K76YW1,2025-09-27,979.0
637,11754,B07Y1RCCW5,2025-09-28,1190.0
638,5035,B0B3JSWG81,2025-09-29,199.0
639,4329,B09ZQK9X8G,2025-09-30,2998.0
640,9016,B07ZKD8T1Q,2025-10-01,1499.0
641,8274,B06XFTHCNY,2025-10-02,439.0
642,1513,B01M4GGIVU,2025-10-03,199.0
643,5779,B0B5B6PQCT,2025-10-04,1999.0
644,8317,B09NY6TRXG,2025-10-05,8499.0
645,1684,B014I8SSD0,2025-10-06,309.0
646,8532,B07JGDB5M1,2025-10-07,449.0
647,9039,B08D77XZX5,2025-10-08,599.0
648,11069,B01N90RZ4M,2025-10-09,230.0
649,11469,B077Z65HSD,2025-10-10,299.0
650,3016,B0B8SSZ76F,2025-10-11,799.0
651,4148,B084MZXJNK,2025-10-12,1599.0
652,5108,B01IOZUHRS,2025-10-13,179.0
653,11670,B0B3MWYCHQ,2025-10-14,2999.0
654,5313,B09RFC46VP,2025-10-15,26999.0
655,11703,B07YY1BY5B,2025-10-16,1499.0
656,8363,B07GXPDLYQ,2025-10-17,249.0
657,721,B07XJYYH7L,2025-10-18,333.0
658,5630,B098T9CJVQ,2025-10-19,210.0
659,12326,B01F262EUU,2025-10-20,949.0
660,8480,B09163Q5CD,2025-10-21,1187.0
661,6271,B07YL54NVJ,2025-10-22,549.0
662,7594,B01C8P29N0,2025-10-23,625.0
663,2413,B012MQS060,2025-10-24,1295.0
664,12060,B0B5V47VK4,2025-10-25,44999.0
665,3155,B07WG8PDCW,2025-10-26,349.0
666,1576,B07WJWRNVK,2025-10-27,16499.0
667,7559,B016XVRKZM,2025-10-28,3299.0
668,11933,B07BKSSDR2,2025-10-29,899.0
669,5072,B0B5RP43VN,2025-10-30,1474.0
670,11318,B009LJ2BXA,2025-10-31,649.0
671,8219,B07B275VN9,2025-11-01,179.0
672,11076,B083RD1J99,2025-11-02,328.0
673,3353,B08HDH26JX,2025-11-03,299.0
674,3579,B07PLHTTB4,2025-11-04,100.0
675,1209,B08JMC1988,2025-11-05,999.0
676,222,B09C6FML9B,2025-11-06,320.0
677,10820,B0B21XL94T,2025-11-07,21990.0
678,9129,B09NVPSCQT,2025-11-08,1599.0
679,8732,B09NL4DCXK,2025-11-09,249.0
680,7614,B00H47GVGY,2025-11-10,1199.0
681,1154,B00935MGHS,2025-11-11,1199.0
682,10153,B0162K34H2,2025-11-12,849.0
683,8291,B09B9SPC7F,2025-11-13,499.0
684,458,B09F6VHQXB,2025-11-14,7390.0
685,6075,B07JW1Y6XV,2025-11-15,399.0
686,3616,B08D9NDZ1Y,2025-11-16,3999.0
687,10938,B00GG59HU2,2025-11-17,467.0
688,334,B09P564ZTJ,2025-11-18,235.0
689,4689,B082T6V3DT,2025-11-19,799.0
690,10896,B0BBVKRP7B,2025-11-20,281.0
691,9460,B0B2CPVXHX,2025-11-21,379.0
692,5529,B07TTSS5MP,2025-11-22,1799.0
693,3438,B07L3NDN24,2025-11-23,499.0
694,8823,B003B00484,2025-11-24,399.0
695,10777,B0B8SRZ5SV,2025-11-25,949.0
696,3959,B08TGG316Z,2025-11-26,999.0
697,6481,B07WVQG8WZ,2025-11-27,3299.0
698,5590,B07LGT55SJ,2025-11-28,399.0
699,3895,B009UORDX4,2025-11-29,949.0
700,1954,B09QGZFBPM,2025-11-30,399.0
701,3835,B0B7DHSKS7,2025-12-01,3799.0
702,2120,B0759QMF85,2025-12-02,1529.0
703,5337,B08K4PSZ3V,2025-12-03,349.0
704,11445,B081NHWT6Z,2025-12-04,299.0
705,6926,B09BW2GP18,2025-12-05,129.0
706,1374,B0B8ZKWGKD,2025-12-06,893.0
707,6747,B08VB2CMR3,2025-12-07,15490.0
708,2911,B08DPLCM6T,2025-12-08,13490.0
709,7074,B0BF57RN3K,2025-12-09,1799.0
710,71,B08LKS3LSP,2025-12-10,345.0
711,12724,B0B61DSF17,2025-12-11,199.0
712,456,B07Z1YVP72,2025-12-12,449.0
713,2859,B07X963JNS,2025-12-13,900.0
714,5020,B07DL1KC3H,2025-12-14,299.0
715,9220,B07WHQWXL7,2025-12-15,15499.0
716,7793,B0B25LQQPC,2025-12-16,3307.0
717,8508,B0BPJBTB3F,2025-12-17,1299.0
718,8491,B0B4HJNPV4,2025-12-18,199.0
719,3275,B00A328ENA,2025-12-19,2976.0
720,10411,B016MDK4F4,2025-12-20,185.0
721,5853,B07YCBSCYB,2025-12-21,1999.0
722,684,B07YQ5SN4H,2025-12-22,299.0
723,8399,B08VF8V79P,2025-12-23,1075.0
724,9723,B084MZYBTV,2025-12-24,599.0
725,2291,B01L7C4IU2,2025-12-25,2199.0
726,12725,B075ZTJ9XR,2025-12-26,269.0
727,4166,B07RX14W1Q,2025-12-27,499.0
728,11257,B08RP2L2NL,2025-12-28,347.0
729,10728,B08GJ57MKL,2025-12-29,14400.0
730,2352,B08CF3D7QR,2025-12-30,154.0
731,3548,B09WN3SRC7,2025-12-31,77990.0
732,7904,B009P2LK08,2026-01-01,749.0
733,1985,B0B8XNPQPN,2026-01-02,3599.0
734,1458,B0B5ZF3NRK,2026-01-03,349.0
735,5804,B09T3KB6JZ,2026-01-04,18990.0
736,7316,B09GFN8WZL,2026-01-05,378.0
737,12460,B008FWZGSG,2026-01-06,599.0
738,8056,B09LV1CMGH,2026-01-07,899.0
739,10389,B097R25DP7,2026-01-08,1599.0
740,1415,B0B4F2ZWL3,2026-01-09,12999.0
741,11478,B08FB2LNSZ,2026-01-10,1499.0
742,5934,B09Z7YGV3R,2026-01-11,269.0
743,10030,B09JN37WBX,2026-01-12,319.0
744,928,B08GM5S4CQ,2026-01-13,6990.0
745,10996,B08SMJT55F,2026-01-14,1199.0
746,11023,B09ZPM4C2C,2026-01-15,10901.0
747,10483,B07GVGTSLN,2026-01-16,325.0
748,102,B09BVCVTBC,2026-01-17,2649.0
749,3874,B08QX1CC14,2026-01-18,7299.0
750,5708,B09V17S2BG,2026-01-19,1499.0
751,8315,B09KPXTZXN,2026-01-20,949.0
752,8623,B0819ZZK5K,2026-01-21,1109.0
753,1609,B09GBBJV72,2026-01-22,1409.0
754,1656,B07QDSN9V6,2026-01-23,699.0
755,748,B09T2S8X9C,2026-01-24,22999.0
756,11180,B085HY1DGR,2026-01-25,99.0
757,3839,B07MSLTW8Z,2026-01-26,549.0
758,9887,B09X7DY7Q4,2026-01-27,939.0
759,12004,B0B4PPD89B,2026-01-28,79.0
760,7389,B07GXHC691,2026-01-29,99.0
761,2219,B09DSQXCM8,2026-01-30,299.0
762,4773,B09TMZ1MF8,2026-01-31,1709.0
763,6012,B08TR61BVK,2026-02-01,299.0
764,8714,B07JNVF678,2026-02-02,349.0
765,2799,B07TCN5VR9,2026-02-03,329.0
766,3170,B07YR26BJ3,2026-02-04,1199.0
767,2544,B078WB1VWJ,2026-02-05,1110.0
768,6770,B01GGKZ0V6,2026-02-06,329.0
769,3722,B0994GFWBH,2026-02-07,139.0
770,7260,B09PTT8DZF,2026-02-08,417.44
771,534,B0148NPH9I,2026-02-09,2640.0
772,4395,B09G5TSGXV,2026-02-10,254.0
773,9483,B09Q8WQ5QJ,2026-02-11,249.0
774,9070,B00RFWNJMC,2026-02-12,195.0
775,12763,B097MKZHNV,2026-02-13,2949.0
776,6486,B09XB7DPW1,2026-02-14,8999.0
777,7248,B0B4G2MWSB,2026-02-15,149.0
778,4078,B07WGPBXY9,2026-02-16,899.0
779,1792,B09B125CFJ,2026-02-17,349.0
780,20,B075S9FVRY,2026-02-18,5490.0
781,5736,B082LZGK39,2026-02-19,199.0
782,7963,B09YDFKJF8,2026-02-20,1324.0
783,896,B07DFYJRQV,2026-02-21,799.0
784,1563,B0BC8BQ432,2026-02-22,54990.0
785,12217,B0BDRVFDKP,2026-02-23,569.0
786,2311,B08G28Z33M,2026-02-24,399.0
787,2752,B07GLNJC25,2026-02-25,330.0
788,8803,B09YLWT89W,2026-02-26,9199.0
789,7485,B0BBW521YC,2026-02-27,99.0
790,8146,B08MVXPTDG,2026-02-28,2590.0
791,12363,B01KK0HU3Y,2026-03-01,899.0
792,322,B09KGV7WSV,2026-03-02,2099.0
793,7616,B09F6S8BT6,2026-03-03,13490.0
794,1831,B077BTLQ67,2026-03-04,2790.0
795,10529,B08CS3BT4L,2026-03-05,9999.0
796,8682,B09QS9X9L8,2026-03-06,12999.0
797,10897,B09F6KL23R,2026-03-07,1414.0
798,5293,B0752LL57V,2026-03-08,440.0
799,812,B07TC9F7PN,2026-03-09,8699.0
800,2667,B01M4GGIVU,2026-03-10,199.0
801,2778,B08BQ947H3,2026-03-11,149.0
802,5836,B08PSVBB2X,2026-03-12,399.0
803,3001,B07FJNNZCJ,2026-03-13,8699.0
804,11578,B00Y4ORQ46,2026-03-14,745.0
805,9024,B0814ZY6FP,2026-03-15,899.0
806,6809,B07VX71FZP,2026-03-16,1199.0
807,10324,B00B3VFJY2,2026-03-17,980.0
808,264,B00LOD70SC,2026-03-18,178.0
809,11769,B00TI8E7BI,2026-03-19,2695.0
810,8979,B08DDRGWTJ,2026-03-20,229.0
811,3018,B07MKMFKPG,2026-03-21,6999.0
812,2453,B077T3BG5L,2026-03-22,329.0
813,3949,B091KNVNS9,2026-03-23,368.0
814,2037,B0746JGVDS,2026-03-24,349.0
815,10787,B09N6TTHT6,2026-03-25,89.0
816,2532,B07KNM95JK,2026-03-26,598.0
817,7086,B08PKBMJKS,2026-03-27,197.0
818,474,B00LUGTJGO,2026-03-28,1399.0
819,4388,B01I1LDZGA,2026-03-29,1499.0
820,1054,B083P71WKK,2026-03-30,799.0
821,7336,B07CRL2GY6,2026-03-31,299.0
822,5995,B07CVR2L5K,2026-04-01,1656.0
823,4715,B0BF4YBLPX,2026-04-02,1799.0
824,11440,B0B25DJ352,2026-04-03,353.0
825,5866,B08XNL93PL,2026-04-04,1399.0
826,829,B08RX8G496,2026-04-05,655.0
827,3426,B0BNVBJW2S,2026-04-06,2499.0
828,6111,B091V8HK8Z,2026-04-07,1345.0
829,3352,B08BCKN299,2026-04-08,120.0
830,5170,B08F47T4X5,2026-04-09,89.0
831,1115,B07B5XJ572,2026-04-10,1456.0
832,2994,B08HVJCW95,2026-04-11,1149.0
833,10095,B08JW1GVS7,2026-04-12,2179.0
834,7670,B09FZ89DK6,2026-04-13,5999.0
835,12481,B08DCVRW98,2026-04-14,209.0
836,8433,B00A7PLVU6,2026-04-15,753.0
837,5405,B0162LYSFS,2026-04-16,799.0
838,1040,B07RCGTZ4M,2026-04-17,6236.0
839,11172,B01CS4A5V4,2026-04-18,699.0
840,9924,B00NH13Q8W,2026-04-19,299.0
841,11011,B0BCZCQTJX,2026-04-20,1434.0
842,2862,B005LJQMCK,2026-04-21,416.0
843,4537,B09MZ6WZ6V,2026-04-22,499.0
844,6500,B09NC2TY11,2026-04-23,2499.0
845,9407,B07KKJPTWB,2026-04-24,1599.0
846,8128,B0B12K5BPM,2026-04-25,1049.0
847,2936,B0BMFD94VD,2026-04-26,199.0
848,8632,B0B1NX6JTN,2026-04-27,1599.0
849,4340,B0B86CDHL1,2026-04-28,349.0
850,3801,B09X79PP8F,2026-04-29,179.0
851,1352,B078V8R9BS,2026-04-30,749.0
852,5913,B08QSC1XY8,2026-05-01,389.0
853,1023,B08D75R3Z1,2026-05-02,299.0
854,3500,B00LY12TH6,2026-05-03,230.0
855,4094,B0BDYW3RN3,2026-05-04,1989.0
856,851,B09N3BFP4M,2026-05-05,5499.0
857,980,B09W5XR9RT,2026-05-06,970.0
858,6260,B09Q3M3WLJ,2026-05-07,399.0
859,2168,B01DEWVZ2C,2026-05-08,599.0
860,10980,B08VB34KJ1,2026-05-09,15490.0
861,5652,B07JW9H4J1,2026-05-10,399.0
862,1741,B09YV4RG4D,2026-05-11,1499.0
863,4697,B08KHM9VBJ,2026-05-12,2099.0
864,9610,B09ZDVL7L8,2026-05-13,2199.0
865,1086,B09J2MM5C6,2026-05-14,279.0
866,8754,B0747VDH9L,2026-05-15,2742.0
867,1003,B09Q5SWVBJ,2026-05-16,15999.0
868,6416,B0846D5CBP,2026-05-17,1295.0
869,11114,B099FDW2ZF,2026-05-18,1235.0
870,11568,B07R679HTT,2026-05-19,12609.0
871,11483,B08TT63N58,2026-05-20,499.0
872,10633,B09YLYB9PB,2026-05-21,149.0
873,2265,B07WDK3ZS2,2026-05-22,20999.0
874,96,B015OW3M1W,2026-05-23,799.0
875,3496,B08SBH499M,2026-05-24,649.0
876,6787,B09MKP344P,2026-05-25,8499.0
877,2454,B07XJYYH7L,2026-05-26,333.0
878,7733,B09KGV7WSV,2026-05-27,2099.0
879,10710,B0141EZMAI,2026-05-28,269.0
880,6214,B0BJ6P3LSK,2026-05-29,4999.0
881,7224,B00GE55L22,2026-05-30,299.0
882,2883,B08WJ86PV2,2026-05-31,299.0
883,60,B07222HQKP,2026-06-01,657.0
884,4113,B0B2PQL5N3,2026-06-02,230.0
885,8488,B09V2PZDX8,2026-06-03,1299.0
886,2925,B09RQRZW2X,2026-06-04,499.0
887,10004,B01GGKYKQM,2026-06-05,219.0
888,5611,B017PDR9N0,2026-06-06,149.0
889,5567,B09QGZM8QB,2026-06-07,399.0
890,2656,B0941392C8,2026-06-08,129.0
891,8455,B09ZK6THRR,2026-06-09,479.0
892,11589,B087JWLZ2K,2026-06-10,24499.0
893,12477,B092R48XXB,2026-06-11,18999.0
894,7210,B09LH32678,2026-06-12,899.0
895,462,B09LHYZ3GJ,2026-06-13,16999.0
896,2612,B0083T231O,2026-06-14,1289.0
897,10615,B01DGVKBC6,2026-06-15,287.0
898,11905,B0BF54972T,2026-06-16,1799.0
899,8669,B0949SBKMP,2026-06-17,1799.0
900,1262,B09R1YFL6S,2026-06-18,1090.0
901,4476,B0BBN4DZBD,2026-06-19,6499.0
902,2565,B0B5D39BCD,2026-06-20,1999.0
903,10097,B084N18QZY,2026-06-21,599.0
904,12169,B09W5XR9RT,2026-06-22,970.0
905,11470,B09JS94MBV,2026-06-23,1399.0
906,9977,B08GJNM9N7,2026-06-24,299.0
907,4059,B07VZH6ZBB,2026-06-25,7799.0
908,1454,B09PDZNSBG,2026-06-26,2575.0
909,1386,B0763K5HLQ,2026-06-27,1099.0
910,11895,B09PNR6F8Q,2026-06-28,249.0
911,3690,B09JKNF147,2026-06-29,339.0
912,5666,B00LXTFMRS,2026-06-30,191.0
913,8150,B08CTNJ985,2026-07-01,325.0
914,9302,B07XLCFSSN,2026-07-02,899.0
915,2920,B07NPBG1B4,2026-07-03,1982.84
916,12641,B0BBWJFK5C,2026-07-04,4899.0
917,8750,B08MTLLSL8,2026-07-05,399.0
918,5164,B09PLFJ7ZW,2026-07-06,1999.0
919,6923,B08R69VDHT,2026-07-07,115.0
920,6931,B0B4SJKRDF,2026-07-08,239.0
921,11160,B0B5B6PQCT,2026-07-09,1799.0
922,10789,B00ZRBWPA0,2026-07-10,159.0
923,4216,B07RD611Z8,2026-07-11,1799.0
924,374,B09VC2D2WG,2026-07-12,469.0
925,2981,B0B65P827P,2026-07-13,128.31
926,11563,B07Z3K96FR,2026-07-14,399.0
927,8086,B0841KQR1Z,2026-07-15,299.0
928,5685,B08R69WBN7,2026-07-16,149.0
929,1618,B08L4SBJRY,2026-07-17,349.0
930,1414,B097R3XH9R,2026-07-18,6299.0
931,8143,B083GQGT3Z,2026-07-19,399.0
932,5471,B08243SKCK,2026-07-20,189.0
933,11736,B00NH12R1O,2026-07-21,299.0
934,2448,B09JPC82QC,2026-07-22,19999.0
935,7055,B09KLVMZ3B,2026-07-23,159.0
936,614,B0B9XLX8VR,2026-07-24,37999.0
937,5445,B0B3MMYHYW,2026-07-25,32999.0
938,8514,B08VB57558,2026-07-26,37990.0
939,5235,B088GXTJM3,2026-07-27,699.0
940,8505,B09CTWFV5W,2026-07-28,7199.0
941,5157,B09P182Z2H,2026-07-29,3290.0
942,15,B085CZ3SR1,2026-07-30,499.0
943,4107,B0B244R4KB,2026-07-31,999.0
944,5025,B0BCVJ3PVP,2026-08-01,499.0
945,2617,B0B1YVCJ2Y,2026-08-02,11499.0
946,7519,B00NFD0ETQ,2026-08-03,1995.0
947,9843,B08WKCTFF3,2026-08-04,899.0
948,1982,B07966M8XH,2026-08-05,1599.0
949,8666,B07YNHCW6N,2026-08-06,549.0
950,6176,B01KCSGBU2,2026-08-07,14499.0
951,1011,B09TWH8YHM,2026-08-08,16999.0
952,5432,B084DTMYWK,2026-08-09,329.0
953,9878,B07SBGFDX9,2026-08-10,120.0
954,612,B07SLNG3LW,2026-08-11,3859.0
955,3091,B09RMQYHLH,2026-08-12,12999.0
956,10365,B004IO5BMQ,2026-08-13,699.0
957,10864,B01IBRHE3E,2026-08-14,299.0
958,6113,B012ELCYUG,2026-08-15,635.0
959,12533,B085DTN6R2,2026-08-16,350.0
960,12714,B09LQQYNZQ,2026-08-17,4699.0
961,5212,B09CMP1SC8,2026-08-18,199.0
962,2875,B09CYTJV3N,2026-08-19,4499.0
963,5454,B09NNGHG22,2026-08-20,32990.0
964,6661,B09MZCQYHZ,2026-08-21,999.0
965,8406,B09MQSCJQ1,2026-08-22,2299.0
966,11784,B09YV4MW2T,2026-08-23,2199.0
967,9431,B0B3N8VG24,2026-08-24,88.0
968,2128,B08WRBG3XW,2026-08-25,199.0
969,11049,B09KRHXTLN,2026-08-26,1069.0
970,8537,B01MQZ7J8K,2026-08-27,749.0
971,12361,B0BBN56J5H,2026-08-28,6499.0
972,4926,B00LY17RHI,2026-08-29,225.0
973,11099,B09YLFHFDW,2026-08-30,1599.0
974,11348,B08TV2P1N8,2026-08-31,1399.0
975,3704,B0B15CPR37,2026-09-01,32990.0
976,12197,B08S7V8YTN,2026-09-02,1199.0
977,12709,B09HV71RL1,2026-09-03,719.0
978,6153,B07SPVMSC6,2026-09-04,1399.0
979,11287,B09NNHFSSF,2026-09-05,1999.0
980,971,B0949FPSFY,2026-09-06,799.0
981,8651,B09ZVJXN5L,2026-09-07,778.0
982,7551,B09HQSV46W,2026-09-08,21999.0
983,10550,B0188KPKB2,2026-09-09,3599.0
984,938,B097R25DP7,2026-09-10,1599.0
985,885,B0BF563HB4,2026-09-11,1799.0
986,1924,B07F366Z51,2026-09-12,949.0
987,6162,B07XLCFSSN,2026-09-13,899.0
988,7384,B09Z6WH2N1,2026-09-14,95.0
989,10532,B0BCYQY9X5,2026-09-15,8499.0
990,120,B08HLZ28QC,2026-09-16,1199.0
991,6900,B0BJ966M5K,2026-09-17,4999.0
992,11839,B0B8ZM9RVV,2026-09-18,419.0
993,2518,B083T5G5PM,2026-09-19,1490.0
994,7499,B0BMM7R92G,2026-09-20,249.0
995,5925,B08QW937WV,2026-09-21,1448.0
996,11579,B015ZXUDD0,2026-09-22,479.0
997,5993,B08MZQBFLN,2026-09-23,849.0
998,11776,B07DC4RZPY,2026-09-24,709.0
999,5886,B00LZPQVMK,2026-09-25,272.0
1000,6073,B09KLVMZ3B,2026-09-26,159.0
1001,2841,B00P93X6EK,2026-09-27,157.0
1002,7932,B08CF3B7N1,2026-09-28,154.0
1003,7489,B07TR5HSR9,2026-09-29,656.0
1004,9289,B01MF8MB65,2026-09-30,699.0
1005,2055,B01MRARGBW,2026-10-01,199.0
1006,12677,B00NNQMYNE,2026-10-02,299.0
1007,5569,B0B4F52B5X,2026-10-03,10999.0
1008,1951,B0B3N7LR6K,2026-10-04,3999.0
1009,12673,B09ZPL5VYM,2026-10-05,199.0
1010,4491,B09RWZRCP1,2026-10-06,399.0
1011,12039,B0B59K1C8F,2026-10-07,179.0
1012,8740,B00935MD1C,2026-10-08,2719.0
1013,11041,B07WFPMGQQ,2026-10-09,19999.0
1014,3873,B00N1U7JXM,2026-10-10,90.0
1015,12767,B0B65MJ45G,2026-10-11,139.0
1016,7321,B07HK53XM4,2026-10-12,279.0
1017,5764,B07KCMR8D6,2026-10-13,50.0
1018,2021,B09TT6BFDX,2026-10-14,399.0
1019,3209,B07RD611Z8,2026-10-15,1799.0
1020,7689,B07JQKQ91F,2026-10-16,499.0
1021,11847,B079S811J3,2026-10-17,1990.0
1022,5621,B01EJ5MM5M,2026-10-18,3498.0
1023,1044,B01L8ZNWN2,2026-10-19,475.0
1024,8342,B07JZSG42Y,2026-10-20,1928.0
1025,6067,B07JH1C41D,2026-10-21,649.0
1026,8036,B07Z53L5QL,2026-10-22,549.0
1027,6313,B0B4KPCBSH,2026-10-23,244.0
1028,12538,B088WCFPQF,2026-10-24,1099.0
1029,3291,B07W6VWZ8C,2026-10-25,899.0
1030,10459,B0BD3T6Z1D,2026-10-26,12999.0
1031,6320,B0789LZTCJ,2026-10-27,299.0
1032,10191,B094YFFSMY,2026-10-28,399.0
1033,6638,B08RZ12GKR,2026-10-29,215.0
1034,6578,B09PL79D2X,2026-10-30,1598.0
1035,3448,B08JV91JTK,2026-10-31,474.0
1036,11926,B07LDPLSZC,2026-11-01,849.0
1037,11088,B085DTN6R2,2026-11-02,350.0
1038,2125,B09C6HWG18,2026-11-03,970.0
1039,2808,B08RWCZ6SY,2026-11-04,399.0
1040,9013,B07JB2Y4SR,2026-11-05,90.0
1041,425,B00YQLG7GK,2026-11-06,1695.0
1042,555,B08CT62BM1,2026-11-07,299.0
1043,945,B0B3RRWSF6,2026-11-08,1998.0
1044,10672,B08JKPVDKL,2026-11-09,279.0
1045,1409,B078JDNZJ8,2026-11-10,3600.0
1046,12532,B0B5GF6DQD,2026-11-11,2499.0
1047,6241,B078W65FJ7,2026-11-12,849.0
1048,4919,B094JNXNPV,2026-11-13,299.0
1049,2086,B0BNDGL26T,2026-11-14,499.0
1050,8381,B00LHZWD0C,2026-11-15,252.0
1051,9377,B0B3X2BY3M,2026-11-16,3599.0
1052,5264,B0B8ZWNR5T,2026-11-17,79.0
1053,11243,B09F6S8BT6,2026-11-18,13490.0
1054,2674,B08HVL8QN3,2026-11-19,1149.0
1055,4442,B09G2VTHQM,2026-11-20,587.0
1056,3847,B0B3CQBRB4,2026-11-21,28999.0
1057,5863,B0116MIKKC,2026-11-22,99.0
1058,7232,B09GFM8CGS,2026-11-23,6499.0
1059,5154,B08PPHFXG3,2026-11-24,173.0
1060,8127,B08CRRQK6Z,2026-11-25,4999.0
1061,4413,B01LYU3BZF,2026-11-26,2199.0
1062,69,B01LYLJ99X,2026-11-27,449.0
1063,11606,B09BL2KHQW,2026-11-28,231.0
1064,11443,B09VT6JKRP,2026-11-29,199.0
1065,4468,B09F5Z694W,2026-11-30,8349.0
1066,3520,B08CYNJ5KY,2026-12-01,828.0
1067,9815,B00C3GBCIS,2026-12-02,249.0
1068,9004,B07YTNKVJQ,2026-12-03,499.0
1069,1347,B08W9BK4MD,2026-12-04,351.0
1070,3313,B009P2LIL4,2026-12-05,2219.0
1071,2528,B09BN2NPBD,2026-12-06,1699.0
1072,9082,B088ZFJY82,2026-12-07,314.0
1073,246,B00R1P3B4O,2026-12-08,549.0
1074,10045,B07W4HTS8Q,2026-12-09,1899.0
1075,7426,B0BGSV43WY,2026-12-10,4499.0
1076,12517,B09YV42QHZ,2026-12-11,1499.0
1077,11608,B086394NY5,2026-12-12,1399.0
1078,12473,B0BMVWKZ8G,2026-12-13,1999.0
1079,9928,B07SLMR1K6,2026-12-14,519.0
1080,9510,B0B19VJXQZ,2026-12-15,27900.0
1081,10732,B00J4YG0PC,2026-12-16,561.0
1082,674,B09DDCQFMT,2026-12-17,1299.0
1083,1158,B08K4PSZ3V,2026-12-18,349.0
1084,7677,B00W56GLOQ,2026-12-19,2699.0
1085,8372,B00CEQEGPI,2026-12-20,1345.0
1086,7064,B0B21C4BMX,2026-12-21,228.0
1087,1898,B07LG59NPV,2026-12-22,899.0
1088,9036,B094YFFSMY,2026-12-23,399.0
1089,8856,B07JW9H4J1,2026-12-24,399.0
1090,6959,B0978V2CP6,2026-12-25,1990.0
1091,9514,B0B1F6GQPS,2026-12-26,999.0
1092,2302,B08GTYFC37,2026-12-27,10389.0
1093,5146,B00MUTWLW4,2026-12-28,2595.0
1094,4330,B08LW31NQ6,2026-12-29,1439.0
1095,2349,B002PD61Y4,2026-12-30,507.0
1096,6934,B008P7IF02,2026-12-31,4799.0
1097,2110,B099SD8PRP,2027-01-01,579.0
1098,3070,B078HRR1XV,2027-01-02,3303.0
1099,3709,B0B31FR4Y2,2027-01-03,1999.0
1100,4875,B08CF3B7N1,2027-01-04,154.0
1101,3222,B08498H13H,2027-01-05,1519.0
1102,813,B08H6B3G96,2027-01-06,3349.0
1103,2445,B09F6D21BY,2027-01-07,790.0
1104,9715,B07WJXCTG9,2027-01-08,699.0
1105,3854,B00JBNZPFM,2027-01-09,6199.0
1106,8894,B0789LZTCJ,2027-01-10,299.0
1107,1594,B086Q3QMFS,2027-01-11,120.0
1108,12609,B008YW8M0G,2027-01-12,775.0
1109,5272,B00BN5SNF0,2027-01-13,250.0
1110,11289,B0BHYLCL19,2027-01-14,193.0
1111,9910,B0B61GCHC1,2027-01-15,199.0
1112,10941,B0B3G5XZN5,2027-01-16,2799.0
1113,6171,B09SB6SJB4,2027-01-17,129.0
1114,1179,B09C6H53KH,2027-01-18,368.0
1115,2367,B0B3NDPCS9,2027-01-19,3999.0
1116,5548,B07P681N66,2027-01-20,1199.0
1117,115,B0B84KSH3X,2027-01-21,1049.0
1118,8397,B00LZLPYHW,2027-01-22,137.0
1119,8743,B008FWZGSG,2027-01-23,599.0
1120,231,B08VGFX2B6,2027-01-24,177.0
1121,9366,B082LSVT4B,2027-01-25,249.0
1122,3208,B086PXQ2R4,2027-01-26,165.0
1123,6679,B0B9LDCX89,2027-01-27,129.0
1124,1740,B0B4F3QNDM,2027-01-28,13999.0
1125,4119,B09LJ116B5,2027-01-29,16999.0
1126,215,B07VJ9ZTXS,2027-01-30,299.0
1127,9966,B08DPLCM6T,2027-01-31,13490.0
1128,7603,B07KSMBL2H,2027-02-01,219.0
1129,6904,B08Y1SJVV5,2027-02-02,99.0
1130,5332,B09LD3116F,2027-02-03,2490.0
1131,2020,B09RKFBCV7,2027-02-04,1999.0
1132,6235,B0B1MDZV9C,2027-02-05,2286.0
1133,7797,B085HY1DGR,2027-02-06,99.0
1134,3026,B08X77LM8C,2027-02-07,99.0
1135,8240,B08L5FM4JC,2027-02-08,649.0
1136,6735,B08PFSZ7FH,2027-02-09,299.0
1137,12220,B078KRFWQB,2027-02-10,2499.0
1138,9098,B08NCKT9FG,2027-02-11,299.0
1139,4004,B00SH18114,2027-02-12,160.0
1140,12698,B09W5XR9RT,2027-02-13,970.0
1141,737,B07WGPKMP5,2027-02-14,15499.0
1142,5051,B0117H7GZ6,2027-02-15,249.0
1143,7707,B07RZZ1QSW,2027-02-16,326.0
1144,2216,B07X2L5Z8C,2027-02-17,1490.0
1145,5839,B08ZJDWTJ1,2027-02-18,4098.0
1146,4950,B00LZLQ624,2027-02-19,157.0
1147,2541,B09CMP1SC8,2027-02-20,199.0
1148,5147,B08RDWBYCQ,2027-02-21,549.0
1149,9724,B082LSVT4B,2027-02-22,249.0
1150,5881,B09X1M3DHX,2027-02-23,9999.0
1151,3188,B07NTKGW45,2027-02-24,397.0
1152,2907,B01NBX5RSB,2027-02-25,770.0
1153,32,B089BDBDGM,2027-02-26,219.0
1154,11294,B07MDRGHWQ,2027-02-27,5699.0
1155,9499,B00HZIOGXW,2027-02-28,610.0
1156,9774,B09YLXYP7Y,2027-03-01,179.0
1157,2982,B09WF4Q7B3,2027-03-02,1799.0
1158,2689,B00S9BSJC8,2027-03-03,6499.0
1159,1622,B0B296NTFV,2027-03-04,299.0
1160,3083,B09L8DT7D6,2027-03-05,205.0
1161,5668,B01M5967SY,2027-03-06,379.0
1162,2478,B09V175NP7,2027-03-07,1499.0
1163,6530,B08CNLYKW5,2027-03-08,1699.0
1164,484,B09SZ5TWHW,2027-03-09,1547.0
1165,6858,B081B1JL35,2027-03-10,1049.0
1166,9569,B09YV463SW,2027-03-11,1499.0
1167,7632,B07GMFY9QM,2027-03-12,379.0
1168,11190,B07Q4QV1DL,2027-03-13,269.0
1169,1237,B088Z1YWBC,2027-03-14,9490.0
1170,9973,B0B6F7LX4C,2027-03-15,13999.0
1171,10981,B07S851WX5,2027-03-16,1299.0
1172,7339,B09NY7W8YD,2027-03-17,7998.0
1173,11439,B08WRWPM22,2027-03-18,176.63
1174,10036,B07DXRGWDJ,2027-03-19,4280.0
1175,7040,B0141EZMAI,2027-03-20,269.0
1176,4982,B0BLC2BYPX,2027-03-21,499.0
1177,9046,B078G6ZF5Z,2027-03-22,699.0
1178,11542,B07LDN9Q2P,2027-03-23,889.0
1179,300,B0B3XXSB1K,2027-03-24,47990.0
1180,5525,B082FTPRSK,2027-03-25,999.0
1181,7728,B09H39KTTB,2027-03-26,213.0
1182,2992,B08B42LWKN,2027-03-27,14999.0
1183,4961,B07S9S86BF,2027-03-28,599.0
1184,3838,B0BL11S5QK,2027-03-29,1601.0
1185,669,B07PFJ5VQD,2027-03-30,159.0
1186,6561,B09RZS1NQT,2027-03-31,199.0
1187,3025,B0972BQ2RS,2027-04-01,2499.0
1188,6432,B09X5C9VLK,2027-04-02,1299.0
1189,7454,B0BMGG6NKT,2027-04-03,10499.0
1190,10762,B01M69WCZ6,2027-04-04,2249.0
1191,11044,B0B97D658R,2027-04-05,499.0
1192,304,B09GB5B4BK,2027-04-06,599.0
1193,10848,B09M3F4HGB,2027-04-07,9495.0
1194,6878,B08H9Z3XQW,2027-04-08,455.0
1195,1019,B09SDDQQKP,2027-04-09,1799.0
1196,1956,B0BMTZ4T1D,2027-04-10,784.0
1197,1434,B099Z83VRC,2027-04-11,1052.0
1198,1214,B0B9RZ4G4W,2027-04-12,799.0
1199,1745,B07JF9B592,2027-04-13,478.0
1200,3194,B07KSB1MLX,2027-04-14,1089.0
1201,7259,B07W9KYT62,2027-04-15,2499.0
1202,11278,B08VGM3YMF,2027-04-16,199.0
1203,11729,B07J2NGB69,2027-04-17,629.0
1204,5677,B071R3LHFM,2027-04-18,2899.0
1205,5097,B09P22HXH6,2027-04-19,1890.0
1206,3777,B08Y57TPDM,2027-04-20,116.0
1207,11322,B08PV1X771,2027-04-21,15490.0
1208,5782,B07D2NMTTV,2027-04-22,3199.0
1209,10769,B09QS9X16F,2027-04-23,12999.0
1210,4609,B09NTHQRW3,2027-04-24,1999.0
1211,7513,B00P0R95EA,2027-04-25,510.0
1212,2443,B0B6F98KJJ,2027-04-26,21999.0
1213,7047,B0B3RRWSF6,2027-04-27,1998.0
1214,5231,B0756KCV5K,2027-04-28,3180.0
1215,1069,B097XJQZ8H,2027-04-29,2464.0
1216,7884,B07MKFNHKG,2027-04-30,6999.0
1217,1384,B08QSDKFGQ,2027-05-01,339.0
1218,2178,B08Y1TFSP6,2027-05-02,149.0
1219,7655,B01F7B2JCI,2027-05-03,184.0
1220,6388,B07HZ2QCGR,2027-05-04,350.0
1221,5334,B0BL3R4RGS,2027-05-05,649.0
1222,5156,B06XPYRWV5,2027-05-06,1099.0
1223,7303,B008IFXQFU,2027-05-07,499.0
1224,7199,B0B2RBP83P,2027-05-08,37247.0
1225,10150,B09VL9KFDB,2027-05-09,2399.0
1226,10570,B09J2SCVQT,2027-05-10,1969.0
1227,5121,B08444S68L,2027-05-11,12490.0
1228,2456,B08N1WL9XW,2027-05-12,182.0
1229,2686,B08KRMK9LZ,2027-05-13,2025.0
1230,10006,B07JGCGNDG,2027-05-14,6800.0
1231,1723,B07YWS9SP9,2027-05-15,599.0
1232,7609,B00K57MR22,2027-05-16,6120.0
1233,3795,B096MSW6CT,2027-05-17,199.0
1234,12646,B09V2Q4QVQ,2027-05-18,1299.0
1235,10572,B07Y9PY6Y1,2027-05-19,6525.0
1236,10508,B084N1BM9L,2027-05-20,1299.0
1237,11115,B0BB3CBFBM,2027-05-21,29990.0
1238,3116,B08WRBG3XW,2027-05-22,199.0
1239,10804,B08LPJZSSW,2027-05-23,399.0
1240,5080,B0BJYSCWFQ,2027-05-24,899.0
1241,3913,B08T8KWNQ9,2027-05-25,1449.0
1242,10198,B0B82YGCF6,2027-05-26,899.0
1243,421,B08CDKQ8T6,2027-05-27,154.0
1244,7699,B0926V9CTV,2027-05-28,89.0
1245,2484,B096NTB9XT,2027-05-29,15999.0
1246,10291,B094G9L9LT,2027-05-30,999.0
1247,1048,B082T6GXS5,2027-05-31,999.0
1248,857,B0BP18W8TM,2027-06-01,3999.0
1249,8365,B07LFWP97N,2027-06-02,269.0
1250,5958,B0BNDRK886,2027-06-03,185.0
1251,11378,B00AXHBBXU,2027-06-04,522.0
1252,1784,B0B53QFZPY,2027-06-05,1299.0
1253,1483,B0B8SSC5D9,2027-06-06,949.0
1254,5606,B07WKB69RS,2027-06-07,2088.0
1255,4790,B08S6RKT4L,2027-06-08,2599.0
1256,1373,B09YV4RG4D,2027-06-09,1499.0
1257,4844,B002SZEOLG,2027-06-10,749.0
1258,5364,B0B2DD66GS,2027-06-11,1329.0
1259,7135,B08MWJTST6,2027-06-12,279.0
1260,1140,B0B6F8HHR6,2027-06-13,24999.0
1261,3493,B0873L7J6X,2027-06-14,1499.0
1262,7673,B08TZD7FQN,2027-06-15,299.0
1263,5258,B0BBMGLQDW,2027-06-16,599.0
1264,3078,B09LMMFW3S,2027-06-17,229.0
1265,11800,B07GQD4K6L,2027-06-18,379.0
1266,108,B0B16KD737,2027-06-19,8499.0
1267,10664,B008LN8KDM,2027-06-20,1849.0
1268,9636,B07ZR4S1G4,2027-06-21,239.0
1269,2944,B00E3DVQFS,2027-06-22,879.0
1270,9721,B0B4T6MR8N,2027-06-23,89.0
1271,9734,B09XTQFFCG,2027-06-24,2669.0
1272,6619,B09JFR8H3Q,2027-06-25,215.0
1273,11074,B09XB1R2F3,2027-06-26,179.0
1274,9489,B08ZN4B121,2027-06-27,539.0
1275,3108,B0BMZ6SY89,2027-06-28,899.0
1276,12005,B00VA7YYUO,2027-06-29,99.0
1277,11531,B09JSW16QD,2027-06-30,848.99
1278,218,B09MT84WV5,2027-07-01,1059.0
1279,8636,B098NS6PVG,2027-07-02,199.0
1280,7290,B09YL9SN9B,2027-07-03,15990.0
1281,8418,B074CWD7MS,2027-07-04,1549.0
1282,2597,B0B8CB7MHW,2027-07-05,426.0
1283,8152,B08461VC1Z,2027-07-06,999.0
1284,3379,B095PWLLY6,2027-07-07,1804.0
1285,2523,B08ZHYNTM1,2027-07-08,2899.0
1286,511,B09YDFDVNS,2027-07-09,1324.0
1287,701,B008YW3CYM,2027-07-10,616.0
1288,170,B0123P3PWE,2027-07-11,999.0
1289,5067,B07GVR9TG7,2027-07-12,2499.0
1290,5803,B014HDJ7ZE,2027-07-13,5365.0
1291,1278,B08HDCWDXD,2027-07-14,3179.0
1292,574,B08BJN4MP3,2027-07-15,13999.0
1293,40,B08YXJJW8H,2027-07-16,247.0
1294,2985,B07JPX9CR7,2027-07-17,569.0
1295,11238,B08L879JSN,2027-07-18,6299.0
1296,8939,B09J2QCKKM,2027-07-19,1499.0
1297,933,B07L1N3TJX,2027-07-20,1699.0
1298,11504,B08YDFX7Y1,2027-07-21,299.0
1299,2590,B08CF3B7N1,2027-07-22,154.0
1300,2058,B09VGS66FV,2027-07-23,1349.0
1301,3211,B0BDZWMGZ1,2027-07-24,1199.0
1302,347,B09J4YQYX3,2027-07-25,1399.0
1303,2997,B07TXCY3YK,2027-07-26,2237.81
1304,9203,B09M8888DM,2027-07-27,499.0
1305,7052,B00MFPCY5C,2027-07-28,39.0
1306,2508,B014SZPBM4,2027-07-29,380.0
1307,11308,B078G6ZF5Z,2027-07-30,699.0
1308,4550,B08CF4SCNP,2027-07-31,299.0
1309,6106,B098QXR9X2,2027-08-01,2499.0
1310,7140,B097RJ867P,2027-08-02,8799.0
1311,2013,B01M265AAK,2027-08-03,3711.0
1312,5200,B009DA69W6,2027-08-04,1699.0
1313,4839,B09VZBGL1N,2027-08-05,99.0
1314,5901,B09Y5FZK9N,2027-08-06,809.0
1315,5492,B082T6V3DT,2027-08-07,799.0
1316,9536,B0BPCJM7TB,2027-08-08,259.0
1317,2814,B08SCCG9D4,2027-08-09,949.0
1318,5287,B00LP9RFSU,2027-08-10,825.0
1319,8773,B09YV3K34W,2027-08-11,2199.0
1320,972,B093QCY6YJ,2027-08-12,290.0
1321,7949,B07QMRHWJD,2027-08-13,298.0
1322,7526,B09MY4W73Q,2027-08-14,474.0
1323,11959,B08235JZFB,2027-08-15,850.0
1324,10598,B094DQWV9B,2027-08-16,149.0
1325,1202,B0BDS8MY8J,2027-08-17,199.0
1326,2326,B0B2931FCV,2027-08-18,999.0
1327,4027,B08KDBLMQP,2027-08-19,1290.0
1328,8829,B09ZPJT8B2,2027-08-20,11990.0
1329,3533,B08HDJ86NZ,2027-08-21,329.0
1330,9826,B008QS9J6Y,2027-08-22,1990.0
1331,10264,B0994GP1CX,2027-08-23,115.0
1332,12276,B09MT84WV5,2027-08-24,1149.0
1333,10278,B0949SBKMP,2027-08-25,1799.0
1334,9680,B082ZQ4479,2027-08-26,3710.0
1335,1651,B086X18Q71,2027-08-27,9799.0
1336,7979,B01LWYDEQ7,2027-08-28,199.0
1337,7090,B08Y1TFSP6,2027-08-29,149.0
1338,5734,B01HJI0FS2,2027-08-30,299.0
1339,7534,B09MKG4ZCM,2027-08-31,1565.0
1340,6881,B09P18XVW6,2027-09-01,2499.0
1341,1635,B01M72LILF,2027-09-02,799.0
1342,11807,B00V4BGDKU,2027-09-03,1099.0
1343,11989,B07NC12T2R,2027-09-04,1799.0
1344,4092,B0B3D39RKV,2027-09-05,33999.0
1345,2895,B0B6BLTGTT,2027-09-06,2999.0
1346,8599,B0B2DZ5S6R,2027-09-07,749.0
1347,11325,B008QTK47Q,2027-09-08,1614.0
1348,10526,B08J4PL1Z3,2027-09-09,699.0
1349,4130,B098JYT4SY,2027-09-10,399.0
1350,2513,B0BCKWZ884,2027-09-11,547.0
1351,10752,B082T6GVG9,2027-09-12,689.0
1352,5468,B00ABMASXG,2027-09-13,539.0
1353,12447,B00NH11KIK,2027-09-14,209.0
1354,2010,B0B9BD2YL4,2027-09-15,2599.0
1355,1731,B01J8S6X2I,2027-09-16,499.0
1356,7579,B07WJV6P1R,2027-09-17,15499.0
1357,8424,B06XGWRKYT,2027-09-18,7999.0
1358,1351,B08WRWPM22,2027-09-19,176.63
1359,9242,B0B5DDJNH4,2027-09-20,1999.0
1360,1328,B0B72BSW7K,2027-09-21,263.0
1361,9417,B00SMJPA9C,2027-09-22,499.0
1362,9771,B082KVTRW8,2027-09-23,1199.0
1363,8559,B09NR6G588,2027-09-24,1199.0
1364,5971,B07MP21WJD,2027-09-25,245.0
1365,5319,B0B8CHJLWJ,2027-09-26,299.0
1366,211,B09F9YQQ7B,2027-09-27,13999.0
1367,9069,B09KLVMZ3B,2027-09-28,159.0
1368,10646,B09H3BXWTK,2027-09-29,599.0
1369,652,B00EDJJ7FS,2027-09-30,3229.0
1370,10794,B0B53NXFFR,2027-10-01,1399.0
1371,11120,B096MSW6CT,2027-10-02,199.0
1372,7460,B08WKG2MWT,2027-10-03,379.0
1373,12706,B07BRKK9JQ,2027-10-04,1299.0
1374,9333,B095JQVC7N,2027-10-05,42999.0
1375,6553,B073BRXPZX,2027-10-06,289.0
1376,8864,B09NL7LBWT,2027-10-07,1099.0
1377,10375,B00LM4X3XE,2027-10-08,90.0
1378,10921,B08HV83HL3,2027-10-09,2049.0
1379,1990,B07XLML2YS,2027-10-10,2499.0
1380,4095,B08XXF5V6G,2027-10-11,29999.0
1381,8645,B08S74GTBT,2027-10-12,799.0
1382,485,B0BM9H2NY9,2027-10-13,699.0
1383,10385,B09JS562TP,2027-10-14,1399.0
1384,10287,B01M6453MB,2027-10-15,2280.0
1385,1706,B094QZLJQ6,2027-10-16,5799.0
1386,399,B09LRZYBH1,2027-10-17,2299.0
1387,10918,B08498D67S,2027-10-18,1149.0
1388,9747,B00GGGOYEK,2027-10-19,259.0
1389,909,B081FG1QYX,2027-10-20,339.0
1390,6312,B0B217Z5VK,2027-10-21,1799.0
1391,6418,B07WDKLRM4,2027-10-22,13999.0
1392,593,B00UGZWM2I,2027-10-23,198.0
1393,1251,B00H3H03Q4,2027-10-24,1130.0
1394,9486,B09T37CKQ5,2027-10-25,239.0
1395,3903,B07W7Z6DVL,2027-10-26,1499.0
1396,12161,B07NCKMXVZ,2027-10-27,455.0
1397,8373,B09VKWGZD7,2027-10-28,4789.0
1398,12692,B00RGLI0ZS,2027-10-29,449.0
1399,4619,B0B4HJNPV4,2027-10-30,199.0
1400,5546,B09ZHCJDP1,2027-10-31,499.0
1401,4169,B0B3RS9DNF,2027-11-01,1999.0
1402,12612,B07VZYMQNZ,2027-11-02,1180.0
1403,5560,B08LVVTGZK,2027-11-03,929.0
1404,6287,B09Q5P2MT3,2027-11-04,24999.0
1405,3852,B07Q4NJQC5,2027-11-05,295.0
1406,765,B08LT9BMPP,2027-11-06,1495.0
1407,9433,B08R69VDHT,2027-11-07,115.0
1408,583,B08K36NZSV,2027-11-08,499.0
1409,5213,B08C4Z69LN,2027-11-09,1792.0
1410,3680,B081FJWN52,2027-11-10,339.0
1411,7950,B085DTN6R2,2027-11-11,350.0
1412,10273,B09YHLPQYT,2027-11-12,246.0
1413,8857,B09V12K8NT,2027-11-13,1499.0
1414,2341,B09T39K9YL,2027-11-14,19999.0
1415,8525,B08SKZ2RMG,2027-11-15,475.0
1416,10705,B07JPJJZ2H,2027-11-16,399.0
1417,4415,B09RZS1NQT,2027-11-17,199.0
1418,12100,B09C6HXFC1,2027-11-18,970.0
1419,3964,B07JJFSG2B,2027-11-19,889.0
1420,6836,B08Y5QJXSR,2027-11-20,3569.0
1421,5752,B08B6XWQ1C,2027-11-21,349.0
1422,6253,B0B694PXQJ,2027-11-22,799.0
1423,9096,B01GGKYKQM,2027-11-23,219.0
1424,6114,B07SYYVP69,2027-11-24,809.0
1425,12390,B07DJLFMPS,2027-11-25,369.0
1426,9809,B0B5ZF3NRK,2027-11-26,349.0
1427,10840,B005LJQMZC,2027-11-27,486.0
1428,6606,B08TDJ5BVF,2027-11-28,39.0
1429,3064,B083342NKJ,2027-11-29,349.0
1430,2309,B08HV25BBQ,2027-11-30,1499.0
1431,8261,B0883KDSXC,2027-12-01,599.0
1432,5119,B0B3MWYCHQ,2027-12-02,2999.0
1433,12012,B08D64C9FN,2027-12-03,575.0
1434,5770,B08CHZ3ZQ7,2027-12-04,599.0
1435,7249,B07924P3C5,2027-12-05,299.0
1436,11880,B085194JFL,2027-12-06,279.0
1437,12442,B07H3N8RJH,2027-12-07,3799.0
1438,4686,B0B23LW7NV,2027-12-08,999.0
1439,1276,B099PR2GQJ,2027-12-09,649.0
1440,6952,B092BL5DCX,2027-12-10,45999.0
1441,6352,B0746N6WML,2027-12-11,341.0
1442,6670,B08HLC7Z3G,2027-12-12,1182.0
1443,7470,B0B3RSDSZ3,2027-12-13,1999.0
1444,12082,B07WKBD37W,2027-12-14,425.0
1445,9994,B08N6P8G5K,2027-12-15,6790.0
1446,2088,B0BDRVFDKP,2027-12-16,569.0
1447,10190,B00GZLB57U,2027-12-17,238.0
1448,1517,B0085W2MUQ,2027-12-18,765.0
1449,1370,B0B1YY6JJL,2027-12-19,23999.0
1450,741,B07H8W9PB6,2027-12-20,175.0
1451,7217,B01N1XVVLC,2027-12-21,9590.0
1452,1189,B07D8VBYB4,2027-12-22,5865.0
1453,7552,B092BJMT8Q,2027-12-23,30990.0
1454,7934,B0B8VQ7KDS,2027-12-24,1299.0
1455,4402,B07DZ986Q2,2027-12-25,7799.0
1456,6830,B01F25X6RQ,2027-12-26,499.0
1457,8526,B0BHZCNC4P,2027-12-27,1499.0
1458,10684,B097R45BH8,2027-12-28,5499.0
1459,8639,B01M0505SJ,2027-12-29,1400.0
1460,12240,B0756K5DYZ,2027-12-30,3249.0
1461,7133,B07ZJND9B9,2027-12-31,1099.0
1462,9664,B091JF2TFD,2028-01-01,499.0
1463,12413,B08L7J3T31,2028-01-02,379.0
1464,4771,B00PVT30YI,2028-01-03,292.0
